<NotepadPlus>
    <UserLang name="ezLCD" ext="ezm">
        <Settings>
            <Global caseIgnored="yes" />
            <TreatAsSymbol comment="no" commentLine="yes" />
            <Prefix words1="no" words2="no" words3="no" words4="no" />
        </Settings>
        <KeywordLists>
            <Keywords name="Delimiters">000000</Keywords>
            <Keywords name="Folder+"></Keywords>
            <Keywords name="Folder-"></Keywords>
            <Keywords name="Operators"></Keywords>
            <Keywords name="Comment">1 2 0&apos;</Keywords>
            <Keywords name="Words1">serial1 serial2 serial3 cmd bridge Usbserial1 usbserial2 usbserial3 cdc off on ct cc cb lt rt lc rc lb rb black gray silver white red maroon yellow olive lime green aqua teal blue navy fuchsia magenta purple</Keywords>
            <Keywords name="Words2">cfgio serial1_tx serial1_rx serial1_cts serial1_rts serial2_tx serial2_rx serial2_cts serial2_rts serial3_tx serial3_rx serial3_cts serial3_rts i2cclk i2cdta in out analog beeper 1wire usb_rx usb_tx spi_clk spi_do spi_di spi_ss usb_dtr usb_rts in_port out_port pwm1 pwm2 pwm3 pwm4 servo1 servo2 servo3 servo4 touch_int busy</Keywords>
            <Keywords name="Words3">print color cls font light verbose fontw theme play string picture xy wait pause speed linewidth linetype box circle ping beep buzz  threshold colorid fonto xmax ymax touchx touchy touchs plot line arc pie image loop bridge security location xyid clipenable clip cliparea cwd chdir cd md mkdir rd rmdir dir copy ren rename remove delete del erase more help type format if else endif for next goto gosub return end on cprint while wend input read data restore startpwm let pwm repeat until echo debug open close as</Keywords>
            <Keywords name="Words4">dmeter ameter button progress slider static ameter_color ameter_value wstate wvalue checkbox theme touchzone gbox radio dmeter_value dm_value am_value dial progress_value pr_value static_value st_value choice</Keywords>
        </KeywordLists>
        <Styles>
            <WordsStyle name="DEFAULT" styleID="11" fgColor="000000" bgColor="FFFFFF" fontName="" fontStyle="0" />
            <WordsStyle name="FOLDEROPEN" styleID="12" fgColor="000000" bgColor="FFFFFF" fontName="" fontStyle="0" />
            <WordsStyle name="FOLDERCLOSE" styleID="13" fgColor="000000" bgColor="FFFFFF" fontName="" fontStyle="0" />
            <WordsStyle name="KEYWORD1" styleID="5" fgColor="FF0000" bgColor="FFFFFF" fontName="" fontStyle="0" />
            <WordsStyle name="KEYWORD2" styleID="6" fgColor="804040" bgColor="FFFFFF" fontName="" fontStyle="0" />
            <WordsStyle name="KEYWORD3" styleID="7" fgColor="008000" bgColor="FFFFFF" fontName="" fontStyle="0" />
            <WordsStyle name="KEYWORD4" styleID="8" fgColor="008080" bgColor="FFFFFF" fontName="" fontStyle="0" />
            <WordsStyle name="COMMENT" styleID="1" fgColor="000000" bgColor="FFFFFF" fontName="" fontStyle="0" />
            <WordsStyle name="COMMENT LINE" styleID="2" fgColor="808080" bgColor="FFFFFF" fontName="" fontStyle="2" />
            <WordsStyle name="NUMBER" styleID="4" fgColor="000000" bgColor="FFFFFF" fontName="" fontStyle="0" />
            <WordsStyle name="OPERATOR" styleID="10" fgColor="000000" bgColor="FFFFFF" fontName="" fontStyle="0" />
            <WordsStyle name="DELIMINER1" styleID="14" fgColor="000000" bgColor="FFFFFF" fontName="" fontStyle="0" />
            <WordsStyle name="DELIMINER2" styleID="15" fgColor="000000" bgColor="FFFFFF" fontName="" fontStyle="0" />
            <WordsStyle name="DELIMINER3" styleID="16" fgColor="000000" bgColor="FFFFFF" fontName="" fontStyle="0" />
        </Styles>
    </UserLang>
</NotepadPlus>
